feature,coef,std_err,t_stat,p_value,significant
const,9.176328144403396,0.14598508573194618,62.85798373439817,0.0,True
month,0.027243731607257238,0.007299951874138912,3.732042632194867,0.00019037918108438492,True
weekday,0.06561737142881391,0.012002994581355153,5.466750066749229,4.630081276445445e-08,True
hour,-0.17850729211093974,0.010184223306639546,-17.527825808234482,2.3850068635346855e-68,True
n_items,0.00017231499919000593,1.7965200996542847e-05,9.591598737089864,9.503499105758146e-22,True
n_distinct_products,0.3265180510139516,0.014373014831426558,22.717436449033695,4.9252661116651964e-113,True
n_lines,-0.21377996348914102,0.01352636394602536,-15.804688114425531,5.599956726522999e-56,True
