metric,point_estimate,ci_lo,ci_hi
ERPU_mean,473409.9773967602,435231.31180487113,513944.3571281656
ERPU_median,213432.22,205248.89525,223690.38
top10_user_share_net,0.5308100245658455,0.4975250046928855,0.5678819330789484
return_rate_mean,0.03338788564455527,0.02803027399370254,0.04011599317200686
top_cluster_net_share,0.7565649397413441,0.68540569486701,0.8340021175897351
