metric,value
silhouette_score,0.4015829421850966
ari_mean,0.9623537552154247
ari_std,0.024621939039730093
ari_min,0.9246501004976416
ari_max,0.9916169200894731
n_resamples,10.0
