segment,E_freq,E_basket_gross,E_basket_net,E_return_rate,ERPU_structural,ERPU_direct,ERPU_actual
Overall,4.383983572895278,97633.96946538346,87970.31970704201,0.09897835570198492,385660.43649801787,385660.4364980179,473409.9773967602
High-Value Loyalists,10.673354735152488,100822.83664321115,96055.73694242182,0.04728194384828705,1025236.9547329597,1025236.9547329597,1259902.8160914928
Core Repeat Buyers,2.1346957733395264,88225.75824567722,86156.29205511526,0.023456485177483374,183917.47249666037,183917.47249666037,222173.5873153739
Dormant / One-time Buyers,1.2864583333333333,72219.62286271958,39471.51743005856,0.4534516262278337,50778.462527210744,50778.462527210744,63195.544052083314
Return-Dominant / Adjustment Risk,3.5416666666666665,350411.92516129033,-218647.95935483876,1.6239740820869544,-774378.1893817203,-774378.1893817206,-1412101.4041666666
