metric,with_adj,without_adj,delta,delta_pct
ERPU_mean,473409.9773967602,495567.61189671146,22157.634499951266,4.680432512595985
ERPU_median,213432.22,216111.45,2679.2300000000105,1.2553071883898366
top10_user_share_net,0.5308100245658455,0.5080215672610313,-0.022788457304814158,-4.293147501020361
return_pct_of_gross,0.08980490489508687,0.024860596597014267,-0.0649443082980726,-72.31710603551414
net_revenue,3715345323.11,3784089011.1499996,68743688.03999949,1.8502637591290245
