scenario,return_cap,conc_cap,n_targeted,total_erpu,return_pct,top10_share_pct,conc_increase_pct,conc_feasible,all_feasible,revenue_impact,revenue_impact_pct
"Base (25%, +15%)",25%,+15%,1314,962439388.3499078,17.427701674277017,30.85954999267095,-41.86218916226272,True,True,0.0,0.0
"Tight Return (20%, +15%)",20%,+15%,1314,962439388.3499078,17.427701674277017,30.85954999267095,-41.86218916226272,True,True,0.0,0.0
"Tight Conc (25%, +10%)",25%,+10%,1314,962439388.3499078,17.427701674277017,30.85954999267095,-41.86218916226272,True,True,0.0,0.0
"Both Tight (20%, +10%)",20%,+10%,1314,962439388.3499078,17.427701674277017,30.85954999267095,-41.86218916226272,True,True,0.0,0.0
