scenario,n_targeted,total_erpu,mean_erpu,return_prone_pct,top10_share_pct,marginal_vs_prev,marginal_pct_vs_prev
25%,1095,882244366.914411,805702.6181866766,18.812785388127853,30.38447322626055,0.0,0.0
30%,1314,962439388.3499078,732450.0672373727,17.427701674277017,30.85954999267095,80195021.4354968,9.08988761424155
35%,1533,1033892671.8339915,674424.4434664003,16.829745596868882,31.24041263089243,71453283.48408377,7.424185288861637
