metric,dataset,point_estimate,ci_lower,ci_upper,ci_width
Mean ERPU,Training,324784.54333257244,289051.9903053526,360889.90214540064,71837.91184004804
Top 10% Share,Training,0.6352191704475745,0.5984735784672452,0.6677815169244122,0.06930793845716698
Return Rate,Training,0.019720666779606877,0.0024397722524685055,0.05267175774455053,0.05023198549208203
Gini Coefficient,Training,0.7877926456449809,0.7666733570575653,0.8060726791859387,0.03939932212837338
Mean ERPU,Validation,64731.636105930615,57032.01817950392,73246.81580138007,16214.797621876154
Top 10% Share,Validation,0.6682441356347252,0.6312097818461649,0.7020308496058635,0.07082106775969854
Return Rate,Validation,0.0153296886060197,0.0010830278646840972,0.042153072296865955,0.04107004443218186
Gini Coefficient,Validation,0.8333716119616268,0.8152732869916579,0.8491092222120887,0.033835935220430824
