dataset,top1_pct_share,top10_pct_share,gini_coefficient,kurtosis,skewness,erpu_mean,erpu_median,erpu_winsorized_95,erpu_trimmed_5pct,mean_median_ratio
Training,0.2635834867633827,0.6352191704475745,0.7877926456449809,235.57305395872987,13.476065379535232,324784.54333257244,73858.21,255092.4825550103,356051.0507737595,4.397406101942796
Validation,0.22679092215372276,0.6682441356347252,0.8333716119616268,112.68129850596053,8.95810863709157,64731.636105930615,0.0,57437.49723237597,130420.00727965179,0.0
