metric,with_adjustments,without_adjustments,delta,delta_pct
ERPU Mean,64731.636105930615,7962.334763148079,-56769.301342782535,-87.69946931340024
ERPU Median,0.0,0.0,0.0,0.0
Top 10% Share,0.6682441356347252,0.7645048551157223,0.09626071948099713,14.405022707691229
Gini,0.8333716119616268,0.8780985650208877,0.04472695305926089,5.3669878379922995
Return Rate,0.0153296886060197,0.0006069130720246132,-0.014722775533995088,-96.04093020006755
