dataset,metric,point_estimate,ci_lo,ci_hi,std_error
Baseline_Y2,ERPU_mean,403242.23013274337,366915.5894547689,442663.6397978737,19043.91958863027
Baseline_Y2,top10_user_share,0.5203166901339867,0.4822757272616427,0.5631199311436529,0.020926985137929923
Baseline_Y2,return_rate_mean,0.02575902004749965,0.02109128939428026,0.031096086315917766,0.0025585875764969923
Shock,ERPU_mean,147097.18968376672,134415.36554567816,160164.80492427968,6704.579326547287
Shock,top10_user_share,0.42181288529978905,0.380364713324582,0.4623627021076519,0.020756065150474574
Shock,return_rate_mean,0.018957821088918227,0.012528525522792574,0.026571509214999074,0.0035091252991008627
