metric,value
silhouette_score,0.4015453544703389
ari_mean,0.8862949542852204
ari_std,0.20505417841009332
ari_min,0.2801622981092116
ari_max,0.9927727516576108
n_resamples,10.0
