feature,coef,odds_ratio
frequency,0.9396530521542503,2.5590933923492813
net_total,0.33328096485677533,1.3955393409031926
n_events,0.2180498663834144,1.2436490823547974
avg_basket_gross,0.13615298015121322,1.1458571735910246
return_rate_value,-0.07524552834114916,0.9275157269711755
gross_total,-0.35183114756192563,0.7033988825658113
recency_days,-0.5937748883348819,0.5522387056901406
