feature,coef,std_err,z_stat,p_value,significant
const,-1.113102882100319,0.05227816321950939,-21.29192790164683,1.3486434658721749e-100,True
recency_days,-0.008448201552826627,0.0005924264760476488,-14.26033760204049,3.865798099809039e-46,True
frequency,0.040784416221468896,0.011245548775660828,3.626716404426627,0.00028704825944121437,True
gross_total,-2.1018568746289853e-07,7.025605658723412e-08,-2.99170915182123,0.0027742043059896266,True
net_total,1.6037355320999956e-07,8.182723855138777e-08,1.9599042574225995,0.0500069819197479,False
return_rate_value,0.04368627531610813,0.18909553966272957,0.23102752922690234,0.8172934152446438,False
avg_basket_gross,1.093216499353379e-06,2.676124949543468e-07,4.085072707609844,4.406301685208499e-05,True
n_events,0.012131208446114719,0.009415577623352715,1.2884189299259388,0.1976001727048733,False
